member_id,total_sent,total_received,weighted_sent,weighted_received,degree_centrality,in_degree_centrality,out_degree_centrality,closeness_centrality,betweenness_centrality,activity_score,influence_score
M001,316,780,882.148,624.58,2.0,1.0,1.0,1.0,0.9166666666666666,635.2592,529.9804666666668
M002,1236,1476,1408.724,2636.826,2.0,1.0,1.0,1.0,0.0,1353.0896,845.8344
M003,2617,1082,4818.929,1450.235,2.0,1.0,1.0,1.0,0.0,3190.7716,2891.9574
M004,2196,1369,2553.384,2904.491,2.0,1.0,1.0,1.0,0.0,2173.5536,1532.6303999999998
M005,635,1640,755.1099999999999,2802.163,2.0,1.0,1.0,1.0,0.25,884.044,453.6909999999999
